,ratio,Kp,Ti,Td
0,2,0.02194732577680627,155.13654983068227,10.0
