,N,Nu,R,ki
0,37.55391737222203,5.0,0.9149045483351614,0.0001
