,ratio,Kp,Ti,Td
0,2,0.016893559021794093,325.3291754543659,7.682692304901638
