,ratio,Kp,Ti,Td
0,2,0.109960424616568,159.1080607066973,10.0
