,N,Nu,R,ki
0,34.92724595540852,5.0,2.8500310354418965,0.011441162067572586
